[{"model": "admin.logentry", "pk": 1, "fields": {"action_time": "2023-04-09T12:48:12.701Z", "user": 1, "content_type": 13, "object_id": "1", "object_repr": "GENERIC", "action_flag": 1, "change_message": "[{\"added\": {}}]"}}, {"model": "admin.logentry", "pk": 2, "fields": {"action_time": "2023-04-09T12:48:24.705Z", "user": 1, "content_type": 13, "object_id": "2", "object_repr": "ENVIRONMENT", "action_flag": 1, "change_message": "[{\"added\": {}}]"}}, {"model": "admin.logentry", "pk": 3, "fields": {"action_time": "2023-04-09T12:48:41.492Z", "user": 1, "content_type": 13, "object_id": "3", "object_repr": "FITNESS", "action_flag": 1, "change_message": "[{\"added\": {}}]"}}, {"model": "admin.logentry", "pk": 4, "fields": {"action_time": "2023-04-09T12:49:05.172Z", "user": 1, "content_type": 13, "object_id": "4", "object_repr": "CHEF", "action_flag": 1, "change_message": "[{\"added\": {}}]"}}, {"model": "admin.logentry", "pk": 5, "fields": {"action_time": "2023-04-09T12:58:55.824Z", "user": 1, "content_type": 12, "object_id": "1", "object_repr": "WOOD BLACK", "action_flag": 1, "change_message": "[{\"added\": {}}]"}}, {"model": "admin.logentry", "pk": 6, "fields": {"action_time": "2023-04-09T13:05:11.938Z", "user": 1, "content_type": 12, "object_id": "2", "object_repr": "CORAL BLUE", "action_flag": 1, "change_message": "[{\"added\": {}}]"}}, {"model": "admin.logentry", "pk": 7, "fields": {"action_time": "2023-04-09T13:10:01.639Z", "user": 1, "content_type": 12, "object_id": "3", "object_repr": "CHEFFY 1", "action_flag": 1, "change_message": "[{\"added\": {}}]"}}, {"model": "admin.logentry", "pk": 8, "fields": {"action_time": "2023-04-13T00:42:43.769Z", "user": 1, "content_type": 19, "object_id": "2", "object_repr": "None - 2304-184", "action_flag": 3, "change_message": ""}}, {"model": "admin.logentry", "pk": 9, "fields": {"action_time": "2023-04-13T00:48:44.784Z", "user": 1, "content_type": 10, "object_id": "1", "object_repr": "None", "action_flag": 3, "change_message": ""}}, {"model": "admin.logentry", "pk": 10, "fields": {"action_time": "2023-04-13T00:49:35.014Z", "user": 1, "content_type": 19, "object_id": "6", "object_repr": "3145cb98-b00a-4a15-ac2e-9554de28c777 - 2304-122", "action_flag": 2, "change_message": "[{\"changed\": {\"fields\": [\"Customer\"]}}]"}}, {"model": "admin.logentry", "pk": 11, "fields": {"action_time": "2023-04-18T18:01:47.115Z", "user": 1, "content_type": 20, "object_id": "1", "object_repr": "Kidsboodle-api", "action_flag": 3, "change_message": ""}}, {"model": "auth.permission", "pk": 1, "fields": {"name": "Can add log entry", "content_type": 1, "codename": "add_logentry"}}, {"model": "auth.permission", "pk": 2, "fields": {"name": "Can change log entry", "content_type": 1, "codename": "change_logentry"}}, {"model": "auth.permission", "pk": 3, "fields": {"name": "Can delete log entry", "content_type": 1, "codename": "delete_logentry"}}, {"model": "auth.permission", "pk": 4, "fields": {"name": "Can view log entry", "content_type": 1, "codename": "view_logentry"}}, {"model": "auth.permission", "pk": 5, "fields": {"name": "Can add permission", "content_type": 2, "codename": "add_permission"}}, {"model": "auth.permission", "pk": 6, "fields": {"name": "Can change permission", "content_type": 2, "codename": "change_permission"}}, {"model": "auth.permission", "pk": 7, "fields": {"name": "Can delete permission", "content_type": 2, "codename": "delete_permission"}}, {"model": "auth.permission", "pk": 8, "fields": {"name": "Can view permission", "content_type": 2, "codename": "view_permission"}}, {"model": "auth.permission", "pk": 9, "fields": {"name": "Can add group", "content_type": 3, "codename": "add_group"}}, {"model": "auth.permission", "pk": 10, "fields": {"name": "Can change group", "content_type": 3, "codename": "change_group"}}, {"model": "auth.permission", "pk": 11, "fields": {"name": "Can delete group", "content_type": 3, "codename": "delete_group"}}, {"model": "auth.permission", "pk": 12, "fields": {"name": "Can view group", "content_type": 3, "codename": "view_group"}}, {"model": "auth.permission", "pk": 13, "fields": {"name": "Can add user", "content_type": 4, "codename": "add_user"}}, {"model": "auth.permission", "pk": 14, "fields": {"name": "Can change user", "content_type": 4, "codename": "change_user"}}, {"model": "auth.permission", "pk": 15, "fields": {"name": "Can delete user", "content_type": 4, "codename": "delete_user"}}, {"model": "auth.permission", "pk": 16, "fields": {"name": "Can view user", "content_type": 4, "codename": "view_user"}}, {"model": "auth.permission", "pk": 17, "fields": {"name": "Can add content type", "content_type": 5, "codename": "add_contenttype"}}, {"model": "auth.permission", "pk": 18, "fields": {"name": "Can change content type", "content_type": 5, "codename": "change_contenttype"}}, {"model": "auth.permission", "pk": 19, "fields": {"name": "Can delete content type", "content_type": 5, "codename": "delete_contenttype"}}, {"model": "auth.permission", "pk": 20, "fields": {"name": "Can view content type", "content_type": 5, "codename": "view_contenttype"}}, {"model": "auth.permission", "pk": 21, "fields": {"name": "Can add session", "content_type": 6, "codename": "add_session"}}, {"model": "auth.permission", "pk": 22, "fields": {"name": "Can change session", "content_type": 6, "codename": "change_session"}}, {"model": "auth.permission", "pk": 23, "fields": {"name": "Can delete session", "content_type": 6, "codename": "delete_session"}}, {"model": "auth.permission", "pk": 24, "fields": {"name": "Can view session", "content_type": 6, "codename": "view_session"}}, {"model": "auth.permission", "pk": 25, "fields": {"name": "Can add country timezone", "content_type": 7, "codename": "add_countrytimezone"}}, {"model": "auth.permission", "pk": 26, "fields": {"name": "Can change country timezone", "content_type": 7, "codename": "change_countrytimezone"}}, {"model": "auth.permission", "pk": 27, "fields": {"name": "Can delete country timezone", "content_type": 7, "codename": "delete_countrytimezone"}}, {"model": "auth.permission", "pk": 28, "fields": {"name": "Can view country timezone", "content_type": 7, "codename": "view_countrytimezone"}}, {"model": "auth.permission", "pk": 29, "fields": {"name": "Can add state master", "content_type": 8, "codename": "add_statemaster"}}, {"model": "auth.permission", "pk": 30, "fields": {"name": "Can change state master", "content_type": 8, "codename": "change_statemaster"}}, {"model": "auth.permission", "pk": 31, "fields": {"name": "Can delete state master", "content_type": 8, "codename": "delete_statemaster"}}, {"model": "auth.permission", "pk": 32, "fields": {"name": "Can view state master", "content_type": 8, "codename": "view_statemaster"}}, {"model": "auth.permission", "pk": 33, "fields": {"name": "Can add country master", "content_type": 9, "codename": "add_countrymaster"}}, {"model": "auth.permission", "pk": 34, "fields": {"name": "Can change country master", "content_type": 9, "codename": "change_countrymaster"}}, {"model": "auth.permission", "pk": 35, "fields": {"name": "Can delete country master", "content_type": 9, "codename": "delete_countrymaster"}}, {"model": "auth.permission", "pk": 36, "fields": {"name": "Can view country master", "content_type": 9, "codename": "view_countrymaster"}}, {"model": "auth.permission", "pk": 37, "fields": {"name": "Can add customer", "content_type": 10, "codename": "add_customer"}}, {"model": "auth.permission", "pk": 38, "fields": {"name": "Can change customer", "content_type": 10, "codename": "change_customer"}}, {"model": "auth.permission", "pk": 39, "fields": {"name": "Can delete customer", "content_type": 10, "codename": "delete_customer"}}, {"model": "auth.permission", "pk": 40, "fields": {"name": "Can view customer", "content_type": 10, "codename": "view_customer"}}, {"model": "auth.permission", "pk": 41, "fields": {"name": "Can add profile", "content_type": 11, "codename": "add_profile"}}, {"model": "auth.permission", "pk": 42, "fields": {"name": "Can change profile", "content_type": 11, "codename": "change_profile"}}, {"model": "auth.permission", "pk": 43, "fields": {"name": "Can delete profile", "content_type": 11, "codename": "delete_profile"}}, {"model": "auth.permission", "pk": 44, "fields": {"name": "Can view profile", "content_type": 11, "codename": "view_profile"}}, {"model": "auth.permission", "pk": 45, "fields": {"name": "Can add product", "content_type": 12, "codename": "add_product"}}, {"model": "auth.permission", "pk": 46, "fields": {"name": "Can change product", "content_type": 12, "codename": "change_product"}}, {"model": "auth.permission", "pk": 47, "fields": {"name": "Can delete product", "content_type": 12, "codename": "delete_product"}}, {"model": "auth.permission", "pk": 48, "fields": {"name": "Can view product", "content_type": 12, "codename": "view_product"}}, {"model": "auth.permission", "pk": 49, "fields": {"name": "Can add product category", "content_type": 13, "codename": "add_productcategory"}}, {"model": "auth.permission", "pk": 50, "fields": {"name": "Can change product category", "content_type": 13, "codename": "change_productcategory"}}, {"model": "auth.permission", "pk": 51, "fields": {"name": "Can delete product category", "content_type": 13, "codename": "delete_productcategory"}}, {"model": "auth.permission", "pk": 52, "fields": {"name": "Can view product category", "content_type": 13, "codename": "view_productcategory"}}, {"model": "auth.permission", "pk": 53, "fields": {"name": "Can add query from contact", "content_type": 14, "codename": "add_queryfromcontact"}}, {"model": "auth.permission", "pk": 54, "fields": {"name": "Can change query from contact", "content_type": 14, "codename": "change_queryfromcontact"}}, {"model": "auth.permission", "pk": 55, "fields": {"name": "Can delete query from contact", "content_type": 14, "codename": "delete_queryfromcontact"}}, {"model": "auth.permission", "pk": 56, "fields": {"name": "Can view query from contact", "content_type": 14, "codename": "view_queryfromcontact"}}, {"model": "auth.permission", "pk": 57, "fields": {"name": "Can add cart items", "content_type": 15, "codename": "add_cartitems"}}, {"model": "auth.permission", "pk": 58, "fields": {"name": "Can change cart items", "content_type": 15, "codename": "change_cartitems"}}, {"model": "auth.permission", "pk": 59, "fields": {"name": "Can delete cart items", "content_type": 15, "codename": "delete_cartitems"}}, {"model": "auth.permission", "pk": 60, "fields": {"name": "Can view cart items", "content_type": 15, "codename": "view_cartitems"}}, {"model": "auth.permission", "pk": 61, "fields": {"name": "Can add address", "content_type": 16, "codename": "add_address"}}, {"model": "auth.permission", "pk": 62, "fields": {"name": "Can change address", "content_type": 16, "codename": "change_address"}}, {"model": "auth.permission", "pk": 63, "fields": {"name": "Can delete address", "content_type": 16, "codename": "delete_address"}}, {"model": "auth.permission", "pk": 64, "fields": {"name": "Can view address", "content_type": 16, "codename": "view_address"}}, {"model": "auth.permission", "pk": 65, "fields": {"name": "Can add applied address", "content_type": 17, "codename": "add_appliedaddress"}}, {"model": "auth.permission", "pk": 66, "fields": {"name": "Can change applied address", "content_type": 17, "codename": "change_appliedaddress"}}, {"model": "auth.permission", "pk": 67, "fields": {"name": "Can delete applied address", "content_type": 17, "codename": "delete_appliedaddress"}}, {"model": "auth.permission", "pk": 68, "fields": {"name": "Can view applied address", "content_type": 17, "codename": "view_appliedaddress"}}, {"model": "auth.permission", "pk": 69, "fields": {"name": "Can add user orders", "content_type": 18, "codename": "add_userorders"}}, {"model": "auth.permission", "pk": 70, "fields": {"name": "Can change user orders", "content_type": 18, "codename": "change_userorders"}}, {"model": "auth.permission", "pk": 71, "fields": {"name": "Can delete user orders", "content_type": 18, "codename": "delete_userorders"}}, {"model": "auth.permission", "pk": 72, "fields": {"name": "Can view user orders", "content_type": 18, "codename": "view_userorders"}}, {"model": "auth.permission", "pk": 73, "fields": {"name": "Can add whis list", "content_type": 19, "codename": "add_whislist"}}, {"model": "auth.permission", "pk": 74, "fields": {"name": "Can change whis list", "content_type": 19, "codename": "change_whislist"}}, {"model": "auth.permission", "pk": 75, "fields": {"name": "Can delete whis list", "content_type": 19, "codename": "delete_whislist"}}, {"model": "auth.permission", "pk": 76, "fields": {"name": "Can view whis list", "content_type": 19, "codename": "view_whislist"}}, {"model": "auth.permission", "pk": 77, "fields": {"name": "Can add query from call", "content_type": 20, "codename": "add_queryfromcall"}}, {"model": "auth.permission", "pk": 78, "fields": {"name": "Can change query from call", "content_type": 20, "codename": "change_queryfromcall"}}, {"model": "auth.permission", "pk": 79, "fields": {"name": "Can delete query from call", "content_type": 20, "codename": "delete_queryfromcall"}}, {"model": "auth.permission", "pk": 80, "fields": {"name": "Can view query from call", "content_type": 20, "codename": "view_queryfromcall"}}, {"model": "auth.permission", "pk": 81, "fields": {"name": "Can add period selected", "content_type": 21, "codename": "add_periodselected"}}, {"model": "auth.permission", "pk": 82, "fields": {"name": "Can change period selected", "content_type": 21, "codename": "change_periodselected"}}, {"model": "auth.permission", "pk": 83, "fields": {"name": "Can delete period selected", "content_type": 21, "codename": "delete_periodselected"}}, {"model": "auth.permission", "pk": 84, "fields": {"name": "Can view period selected", "content_type": 21, "codename": "view_periodselected"}}, {"model": "auth.permission", "pk": 85, "fields": {"name": "Can add user products", "content_type": 22, "codename": "add_userproducts"}}, {"model": "auth.permission", "pk": 86, "fields": {"name": "Can change user products", "content_type": 22, "codename": "change_userproducts"}}, {"model": "auth.permission", "pk": 87, "fields": {"name": "Can delete user products", "content_type": 22, "codename": "delete_userproducts"}}, {"model": "auth.permission", "pk": 88, "fields": {"name": "Can view user products", "content_type": 22, "codename": "view_userproducts"}}, {"model": "auth.permission", "pk": 89, "fields": {"name": "Can add blog", "content_type": 23, "codename": "add_blog"}}, {"model": "auth.permission", "pk": 90, "fields": {"name": "Can change blog", "content_type": 23, "codename": "change_blog"}}, {"model": "auth.permission", "pk": 91, "fields": {"name": "Can delete blog", "content_type": 23, "codename": "delete_blog"}}, {"model": "auth.permission", "pk": 92, "fields": {"name": "Can view blog", "content_type": 23, "codename": "view_blog"}}, {"model": "auth.permission", "pk": 93, "fields": {"name": "Can add blog tags", "content_type": 24, "codename": "add_blogtags"}}, {"model": "auth.permission", "pk": 94, "fields": {"name": "Can change blog tags", "content_type": 24, "codename": "change_blogtags"}}, {"model": "auth.permission", "pk": 95, "fields": {"name": "Can delete blog tags", "content_type": 24, "codename": "delete_blogtags"}}, {"model": "auth.permission", "pk": 96, "fields": {"name": "Can view blog tags", "content_type": 24, "codename": "view_blogtags"}}, {"model": "auth.permission", "pk": 97, "fields": {"name": "Can add blog comments", "content_type": 25, "codename": "add_blogcomments"}}, {"model": "auth.permission", "pk": 98, "fields": {"name": "Can change blog comments", "content_type": 25, "codename": "change_blogcomments"}}, {"model": "auth.permission", "pk": 99, "fields": {"name": "Can delete blog comments", "content_type": 25, "codename": "delete_blogcomments"}}, {"model": "auth.permission", "pk": 100, "fields": {"name": "Can view blog comments", "content_type": 25, "codename": "view_blogcomments"}}, {"model": "auth.permission", "pk": 101, "fields": {"name": "Can add blog categories", "content_type": 26, "codename": "add_blogcategories"}}, {"model": "auth.permission", "pk": 102, "fields": {"name": "Can change blog categories", "content_type": 26, "codename": "change_blogcategories"}}, {"model": "auth.permission", "pk": 103, "fields": {"name": "Can delete blog categories", "content_type": 26, "codename": "delete_blogcategories"}}, {"model": "auth.permission", "pk": 104, "fields": {"name": "Can view blog categories", "content_type": 26, "codename": "view_blogcategories"}}, {"model": "auth.user", "pk": 1, "fields": {"password": "pbkdf2_sha256$260000$EvN3n5gEKlnbli3SuFLJ0I$70h/zjUf8Jwq1est51TTVPNWREVCjHoa6iopzF0wQxo=", "last_login": "2023-04-20T10:51:47.068Z", "is_superuser": true, "username": "admin", "first_name": "", "last_name": "", "email": "admin@gmail.com", "is_staff": true, "is_active": true, "date_joined": "2023-04-06T09:08:37.100Z", "groups": [], "user_permissions": []}}, {"model": "contenttypes.contenttype", "pk": 1, "fields": {"app_label": "admin", "model": "logentry"}}, {"model": "contenttypes.contenttype", "pk": 2, "fields": {"app_label": "auth", "model": "permission"}}, {"model": "contenttypes.contenttype", "pk": 3, "fields": {"app_label": "auth", "model": "group"}}, {"model": "contenttypes.contenttype", "pk": 4, "fields": {"app_label": "auth", "model": "user"}}, {"model": "contenttypes.contenttype", "pk": 5, "fields": {"app_label": "contenttypes", "model": "contenttype"}}, {"model": "contenttypes.contenttype", "pk": 6, "fields": {"app_label": "sessions", "model": "session"}}, {"model": "contenttypes.contenttype", "pk": 7, "fields": {"app_label": "app", "model": "countrytimezone"}}, {"model": "contenttypes.contenttype", "pk": 8, "fields": {"app_label": "app", "model": "statemaster"}}, {"model": "contenttypes.contenttype", "pk": 9, "fields": {"app_label": "app", "model": "countrymaster"}}, {"model": "contenttypes.contenttype", "pk": 10, "fields": {"app_label": "user_profile", "model": "customer"}}, {"model": "contenttypes.contenttype", "pk": 11, "fields": {"app_label": "user_profile", "model": "profile"}}, {"model": "contenttypes.contenttype", "pk": 12, "fields": {"app_label": "products", "model": "product"}}, {"model": "contenttypes.contenttype", "pk": 13, "fields": {"app_label": "products", "model": "productcategory"}}, {"model": "contenttypes.contenttype", "pk": 14, "fields": {"app_label": "app", "model": "queryfromcontact"}}, {"model": "contenttypes.contenttype", "pk": 15, "fields": {"app_label": "ecommerce_cart", "model": "cartitems"}}, {"model": "contenttypes.contenttype", "pk": 16, "fields": {"app_label": "ecommerce_cart", "model": "address"}}, {"model": "contenttypes.contenttype", "pk": 17, "fields": {"app_label": "ecommerce_cart", "model": "appliedaddress"}}, {"model": "contenttypes.contenttype", "pk": 18, "fields": {"app_label": "ecommerce_cart", "model": "userorders"}}, {"model": "contenttypes.contenttype", "pk": 19, "fields": {"app_label": "ecommerce_cart", "model": "whislist"}}, {"model": "contenttypes.contenttype", "pk": 20, "fields": {"app_label": "app", "model": "queryfromcall"}}, {"model": "contenttypes.contenttype", "pk": 21, "fields": {"app_label": "app", "model": "periodselected"}}, {"model": "contenttypes.contenttype", "pk": 22, "fields": {"app_label": "ecommerce_cart", "model": "userproducts"}}, {"model": "contenttypes.contenttype", "pk": 23, "fields": {"app_label": "blog", "model": "blog"}}, {"model": "contenttypes.contenttype", "pk": 24, "fields": {"app_label": "blog", "model": "blogtags"}}, {"model": "contenttypes.contenttype", "pk": 25, "fields": {"app_label": "blog", "model": "blogcomments"}}, {"model": "contenttypes.contenttype", "pk": 26, "fields": {"app_label": "blog", "model": "blogcategories"}}, {"model": "sessions.session", "pk": "123v3ziqbgcbh26bypb929yycelrgjxc", "fields": {"session_data": ".eJxVjEEOwiAQRe_C2hCBdmBcuu8ZyAwDUjVtUtqV8e7apAvd_vfef6lI21rj1vISR1EXZdTpd2NKjzztQO403Wad5mldRta7og_a9DBLfl4P9--gUqvfGjymQB6Ls4CdSOLiWbhzABQKojg0kKz05yC2I1Ms5dwD2MToDAf1_gDt2zge:1ppQTB:1gftVpAOiJMuPQTsMzeyOEf5KdSglQ0TTiZ-59QpUrs", "expire_date": "2023-05-04T09:20:49.421Z"}}, {"model": "sessions.session", "pk": "a8c8uyjtgt7alj4vblya56ic63lmvuqm", "fields": {"session_data": "e30:1plU6r:HECedZ4hAEEn633YgfZvwrnaeOn9YQhVNTLf8OfZWA0", "expire_date": "2023-04-23T12:25:29.974Z"}}, {"model": "sessions.session", "pk": "gz4naxbdcmexbb17dgjhu4wlctgn558r", "fields": {"session_data": ".eJxVjEEOwiAQRe_C2hCBdmBcuu8ZyAwDUjVtUtqV8e7apAvd_vfef6lI21rj1vISR1EXZdTpd2NKjzztQO403Wad5mldRta7og_a9DBLfl4P9--gUqvfGjymQB6Ls4CdSOLiWbhzABQKojg0kKz05yC2I1Ms5dwD2MToDAf1_gDt2zge:1plUSV:ianafgUSnYOkP02GrKc3SBMFrOYg9o0LZjhayrT_Biw", "expire_date": "2023-04-23T12:47:51.704Z"}}, {"model": "sessions.session", "pk": "pxq8ttxarf0gp741jp0pscg7gm82u36f", "fields": {"session_data": ".eJxVjEEOwiAQRe_C2hCBdmBcuu8ZyAwDUjVtUtqV8e7apAvd_vfef6lI21rj1vISR1EXZdTpd2NKjzztQO403Wad5mldRta7og_a9DBLfl4P9--gUqvfGjymQB6Ls4CdSOLiWbhzABQKojg0kKz05yC2I1Ms5dwD2MToDAf1_gDt2zge:1popbf:JicoOQd8qrc2Ae1xHjZtZ1Zee4hdUBxq5hEvOsFQDNk", "expire_date": "2023-05-02T17:59:07.948Z"}}, {"model": "sessions.session", "pk": "tbnbltdsa8e5gf2k1y3b9e4n8nztvk5s", "fields": {"session_data": ".eJxVjEEOwiAQRe_C2hCBdmBcuu8ZyAwDUjVtUtqV8e7apAvd_vfef6lI21rj1vISR1EXZdTpd2NKjzztQO403Wad5mldRta7og_a9DBLfl4P9--gUqvfGjymQB6Ls4CdSOLiWbhzABQKojg0kKz05yC2I1Ms5dwD2MToDAf1_gDt2zge:1pmQcS:vv2Qn8cD43MbmTOYYLlnMPI3Y-R1SGd7tAGOnh4YhYk", "expire_date": "2023-04-26T02:54:00.941Z"}}, {"model": "app.periodselected", "pk": 1, "fields": {"user": 1, "start_date": "2023-04-01", "end_date": "2024-03-31"}}, {"model": "app.queryfromcontact", "pk": 1, "fields": {"name": "Niladry Kar", "email": "niladry.kar@shyamfuture.com", "message": "sdafdbnmvvmnbvcxzXcvb"}}, {"model": "app.queryfromcall", "pk": 2, "fields": {"name": "Kidsboodle-api", "email": "indrani.saha123@gmail.com", "project_desc": "PMS", "message": "sacdvcbvxcxcxvcxz"}}, {"model": "blog.blogtags", "pk": 1, "fields": {"name": "Design", "slug": "design"}}, {"model": "blog.blogtags", "pk": 2, "fields": {"name": "Creation", "slug": "creation"}}, {"model": "blog.blogtags", "pk": 3, "fields": {"name": "SEO", "slug": "seo"}}, {"model": "blog.blogtags", "pk": 4, "fields": {"name": "BLOCKCHAIN", "slug": "blockchain"}}, {"model": "blog.blogtags", "pk": 5, "fields": {"name": "CONTENT WRITER", "slug": "content-writer"}}, {"model": "blog.blogcategories", "pk": 1, "fields": {"title": "Creative Boom", "slug": "creative-boom"}}, {"model": "blog.blogcategories", "pk": 2, "fields": {"title": "SEO", "slug": "seo"}}, {"model": "blog.blogcategories", "pk": 3, "fields": {"title": "Content Writer", "slug": "content-writer"}}, {"model": "blog.blog", "pk": 1, "fields": {"date": "2023-04-21T02:55:24.793Z", "post_date": "2023-04-21", "blog_title": "50 of the best graphic design blogs for inspiration in 2022", "description": "<p>Are you feeling stuck in a rut, behind the times, or out of the loop? Then you maybe you need to broaden your horizons when it comes to design blogs. To help you out, we&#39;ve listed the 50 best design blogs on the web today, ranging from old favourites to brand-new upstarts.</p>\r\n\r\n<p>Some of these are specialists, tightly focused on topics like typography, print design or logos. Others have a wider remit, covering a huge variety of design disciplines and cherry-picking the best work, individuals and agencies from each one. Some blogs are packed with insightful text. Others are more about the visuals. But all of them with help you reboot your creative mojo and give you fresh ideas and inspiration for the year ahead.</p>\r\n\r\n<p>Once upon a time, graphic design blogs were all about eye candy. But while there&#39;s nothing wrong with that, recent years have seen more and more blogs that delve a little deeper.</p>\r\n\r\n<p>Nowadays, if you want to see the latest design work, find out who created it, what the challenges were and how they overcame them, then there&#39;s a blog for that. Consequently, if you just want a quick blast of eye candy to inspire you visually, you&#39;re well catered for as well. Indeed, there are so many graphic design blogs out there right now; it&#39;s difficult to know which ones to pay the most attention to.</p>\r\n\r\n<h2>1.&nbsp;Creative Boom</h2>\r\n\r\n<p>We&#39;ll start with the blog you&#39;re reading at the moment. At Creative Boom, it&#39;s our mission to celebrate, inspire and support the creative community. As well as showcasing the latest work and interviewing leading practitioners from around the world, in recent years, we&#39;ve also added a podcast and an online shop selling bespoke prints, so readers can support fellow creatives directly.</p>\r\n\r\n<h2>2.&nbsp;Abduzeedo</h2>\r\n\r\n<p>Running since 2006, Abduzeedo is a collective of bloggers sharing articles about design, photography, and UX. It&#39;s moved with the times over the years and is particularly strong on 3D work. Just in case you were wondering, the name means abducted in Portuguese.</p>\r\n\r\n<h2>3.&nbsp;Typewolf</h2>\r\n\r\n<p>Typewolf is unique amongst typography blogs. Not only does it offer unparalleled commentary on the latest typefaces and an archive of reviews of older ones, but it also showcases their use out in the wild. This is a great way to keep up-to-date with the latest type trends, and there are some valuable learning resources here too.</p>\r\n\r\n<h2>4.&nbsp;Mirador</h2>\r\n\r\n<p>The blog of Say What Studio, a graphic design duo based in Paris, France, Mirador curates the most inspirational creative projects around and emphasises great visuals. If you&#39;re looking for image eye candy, this is a great place to head.</p>\r\n\r\n<h2>5.&nbsp;Friends of Type</h2>\r\n\r\n<p>Friends of Type focuses on original typographic design and lettering, and fresh visual content is posted pretty much every day. Most of the work on this blog is created by four people: Aaron Car&aacute;mbula, Erik Marinovich, Dennis Payongayong and Jason Wong, and on the last week of the month, they feature a guest designer.</p>\r\n\r\n<h2>6.&nbsp;Behance Graphic Design Gallery</h2>\r\n\r\n<p>Founded in 2005 and bought by Adobe in 2012, Behance is a hugely popular platform for hosting online portfolios. With so many creatives using it, though, it can be difficult to find the diamonds in the haystack. And so this blog carefully curates the latest and best graphic design work to hit Behance, including posters, logos, branding and packaging.</p>\r\n\r\n<h2>7.&nbsp;The Dieline</h2>\r\n\r\n<p>If you work in packaging design, The Dieline is your go-to, bringing you the latest news and case studies from the profession. This blog on a mission is to build a global community of practitioners and to help move the packaging industry towards more sustainable solutions.</p>\r\n\r\n<h2>8.&nbsp;Incredible Types</h2>\r\n\r\n<p>Incredible Types is a curated collection and showcase of outstanding typography and design worldwide. This regularly updated blog has 426 case studies in its showcase from 432 creatives and studios from 51 different countries.</p>\r\n\r\n<h2>9.&nbsp;Eye Magazine</h2>\r\n\r\n<p>Eye Magazine is a quarterly print magazine on graphic design and visual culture, and its blog is packed with highbrow writing about the design industry and the latest trends. Whatever topic they cover, you&#39;re going to find informed and carefully thought-through commentary here.</p>\r\n\r\n<h2>10.&nbsp;I Love Typography</h2>\r\n\r\n<p>Claiming to be the world&#39;s most popular typography blog, you&#39;ll find posts on typography, type history, font creation, printmaking, calligraphy, and plenty more on I Love Typography. You&#39;ll also see links that enable you to buy the latest fonts from indie foundries.</p>\r\n\r\n<h2>11.&nbsp;Identity Designed</h2>\r\n\r\n<p>David Airey is a well-respected writer on visual identity design, and his blog showcases some of the best brand identities worldwide. There are hundreds of projects on these pages, from designers in Mexico, Sweden, Vietnam, the USA, France, Australia, Brazil and England.</p>\r\n\r\n<h2>12.&nbsp;Aisle One Digest</h2>\r\n\r\n<p>Aisle One is a visual journal of design, photography, film, music and culture. In 2021, it relaunched as a weekly newsletter called Aisle One Digest. It&#39;s free to subscribe, with an optional member subscription for those who want to support the endeavour.</p>\r\n\r\n<h2>13.&nbsp;Under Consideration: Brand New</h2>\r\n\r\n<p>Under Consideration is probably the most well-respected blog focused on corporate and brand identity work. When a major company launches a new logo or branding, it&#39;s often the first to cover it, and the analysis is always in-depth and insightful.</p>\r\n\r\n<h2>14.&nbsp;Design Made in Germany</h2>\r\n\r\n<p>Are you seeking visual inspiration? Design Made in Germany shares a ton of new work from German firms across the creative industries. It doesn&#39;t really matter if you can&#39;t understand German because the main focus is on project photography.</p>\r\n\r\n<h2>15.&nbsp;Print.pm</h2>\r\n\r\n<p>As you might expect from the name, Print.Pm offers daily inspiration for print lovers. Curated by French art director Martin Joubert, the focus is on editorial content, featuring a lot of arty-looking books and magazines.</p>\r\n\r\n<h2>16.&nbsp;Designspiration</h2>\r\n\r\n<p>Designspiration was created in 2010 by Shelby White. The blog&#39;s aim is to provide curated inspiration for creatives, seeing itself as both a hub for creativity and a tool for collecting and sharing ideas.</p>\r\n\r\n<h2>17.&nbsp;Consumer Packaged Goods Directory</h2>\r\n\r\n<p>The Consumer Packaged Goods Directory is a great resource for brand-builders, tech leaders, investors and founders. They have a network of industry experts who help them find the fastest-growing emerging consumer brands. They share five new brands weekly in their newsletter and add them to their online directory.</p>\r\n\r\n<h2>18.&nbsp;Google Design</h2>\r\n\r\n<p>As you&#39;d imagine, the world&#39;s fourth-biggest company knows a bit about design. And it shares some of its insights on this blog, which covers both Google&#39;s products and services and the wider world of modern design.</p>\r\n\r\n<h2>19.&nbsp;BP&amp;O</h2>\r\n\r\n<p>BP&amp;O, which stands for Branding, Packaging and Opinion, was founded by Richard Baird, who works for global clients on brand identity and packaging. Its design blog is a must-read for anyone wanting to catch up on the latest projects from across the profession, with insightful and well-researched commentary.</p>\r\n\r\n<h2>20.&nbsp;Design Clever</h2>\r\n\r\n<p>Design Clever sets out to showcase talented designers worldwide, and they encourage creatives everywhere to submit their work to it. There&#39;s not a lot of text, but you can&#39;t move here for inspirational visual candy.</p>\r\n\r\n<h2>21.&nbsp;<a href=\"https://thistooshallgrow.com/\" target=\"_blank\">This Too Shall Grow</a></h2>\r\n\r\n<p>This Too Shall Grow is a one-person UX studio, consultancy, and coaching practice handled by Clo S. Her blog focuses on mindful UX &ndash; tech that respects people&#39;s mental health and privacy &ndash; and digital wellness: improving the relationship between our devices and our mind.</p>\r\n\r\n<h2>22.&nbsp;<a href=\"http://fontsinuse.com/blog\" target=\"_blank\">Fonts In Use Blog</a></h2>\r\n\r\n<p>Fonts In Use delivers just what it promises. This independent archive of typography in the wild is a treasure trove for designers. And it&#39;s easy to find what you&#39;re looking for, as every post is indexed by typeface, format, and industry.</p>\r\n\r\n<h2>23.&nbsp;<a href=\"https://www.themasterpicks.com/\" target=\"_blank\">Masterpicks</a></h2>\r\n\r\n<p>Masterpicks is an image-led blog that presents a new, hand-picked design project every day. Covering UX and UI design, illustration, animation, 3D art, graphic design, branding, industrial design and photography, there&#39;s a real breadth and depth to the work that&#39;s featured here.</p>\r\n\r\n<h2>24.&nbsp;<a href=\"https://frankchimero.com/blog/\" target=\"_blank\">Frank Chimero</a></h2>\r\n\r\n<p>Frank Chimero is a huge name in the design community, so it&#39;s worth reading his thoughts on this much-visited site. Like the best blogs, there&#39;s no strict rule about what Frank writes about, but whatever the topic, it&#39;s always relevant, fascinating and eye-opening stuff.</p>\r\n\r\n<h2>25.&nbsp;<a href=\"https://www.alphabettes.org/\" target=\"_blank\">Alphabettes</a></h2>\r\n\r\n<p>Alphabettes.org aims to promote the work of women in lettering, typography, and type design. As of December 2021, this loose network of creatives has more than 250 members from around the world, working in various areas and levels of activity.</p>\r\n\r\n<h2>26.&nbsp;<a href=\"https://spotify.design/\" target=\"_blank\">Spotify</a></h2>\r\n\r\n<p>Most of us don&#39;t think about it often, but for an audio brand, Spotify is highly driven by visual design. Its blog focused purely on internal projects, and it&#39;s revelatory to know just how important design is to the success of the platform and how they approach it.</p>\r\n\r\n<h2>27.&nbsp;<a href=\"https://www.wix.com/blog/creative\" target=\"_blank\">Wix Creative</a></h2>\r\n\r\n<p>Wix is a cloud-based platform for creating your website, and its blog has a great selection of tips and inspiration for those who are doing so. You&#39;ll find useful articles on everything from user personas to free fonts on this informative site.</p>\r\n\r\n<h2>28.&nbsp;<a href=\"https://dribbble.com/stories\" target=\"_blank\">Dribbble</a></h2>\r\n\r\n<p>Work-sharing platform Dribbble is a design industry institution, and its blog is well worth a look too. It&#39;s packed with interviews, process articles and inspirational pieces by top creatives.</p>\r\n\r\n<h2>29.&nbsp;<a href=\"http://designmadeinjapan.com/\" target=\"_blank\">Design Made In Japan</a></h2>\r\n\r\n<p>Who doesn&#39;t love Japanese culture&hellip; but how much do you really know about it? To save you from spouting cliches about Asian nature, Design Made In Japan keeps you up to date with the latest editorial, product and packaging design. And if you&#39;re inspired to work there yourself, there&#39;s a jobs board too.</p>\r\n\r\n<h2>30.&nbsp;<a href=\"http://mindsparklemag.com/\" target=\"_blank\">Mindsparkle</a></h2>\r\n\r\n<p>Mindsparkle is a daily online design blog highlighting new trends in the world of web design, video, graphic design, art, architecture and photography. It sports a quite lovely design of its own, too, allowing the work featured here to truly sing.</p>", "blog_image": "blog_image/aa82332db535f8bf729b7bb64cc553007010943a_1620.jpg", "category": 1, "slug": "50-of-the-best-graphic-design-blogs-for-inspiration-in-2022", "tags": [1, 2]}}, {"model": "blog.blog", "pk": 2, "fields": {"date": "2023-04-21T02:59:45.110Z", "post_date": "2023-04-20", "blog_title": "THE TRUTH ABOUT FINDING YOUR FIRST ENGINEERING JOB", "description": "<p>There are many variations of passages of Lorem Ipsum available, but the majority have suffered alteration in some form, by injected humour, or randomised words which don&#39;t look even slightly believable. If you are going to use a passage of Lorem Ipsum, you need to be sure there isn&#39;t anything embarrassing hidden in the middle of text.<br />\r\n<br />\r\nAll the Lorem Ipsum generators on the Internet tend to repeat predefined chunks as necessary, making this the first true generator on the Internet. It uses a dictionary of over 200 Latin words, combined with a handful of model sentence structures, to generate Lorem Ipsum which looks reasonable. The generated Lorem Ipsum is therefore always free from repetition, injected humour, or non-characteristic words etc All the Lorem Ipsum generators on the Internet tend to repeat predefined chunks as necessary, making this the first true generator on the Internet. It uses a dictionary of over 200 Latin words, combined with a handful of All the Lorem Ipsum generators on the Internet tend to repeat predefined chunks as necessary, making this the first true generator on the Internet. It uses a dictionary of over 200 Latin words, combined with a handful of .<br />\r\n<br />\r\nAll the Lorem Ipsum generators on the Internet tend to repeat predefined chunks as necessary, making this the first true generator on the Internet. It uses a dictionary of over 200 Latin words, combined with a handful of All the Lorem Ipsum generators on the Internet tend to repeat predefined chunks as necessary, making this the first true generator on the Internet. It uses a dictionary of over 200 Latin words, combined with a handful of .<br />\r\n<br />\r\nThe generated variations of passages of Lorem Ipsum available, but the majority have suffered alteration in some form, by injected humour, or randomised words which don&#39;t look even slightly believable. If are going to use a passage of lorem isum, you need to be sure there isn&#39;t anything embarrassing hidden in the middle of text All the Lorem Ipsum generators on the Internet tend to repeat predefined chunks as necessary, making this the first true generator on the Internet. It uses a dictionary of over 200 Latin words, combined with a handful of All the Lorem Ipsum generators on the Internet tend to repeat predefined chunks as necessary, making this the first true generator on the Internet. It uses a dictionary of over 200 Latin words, combined with a handful of All the Lorem Ipsum generators on the Internet tend to repeat predefined chunks as necessary, making this the first true generator on the Internet. It uses a dictionary of over 200 Latin words, combined with a handful of All the Lorem Ipsum generators on the Internet tend to repeat predefined chunks as necessary, making this the first true generator on the Internet. It uses a dictionary of over 200 Latin words, combined with a handful of . All the Lorem Ipsum generators on the Internet tend to repeat predefined chunks as necessary, making this the first true generator on the Internet. It uses a dictionary of over 200 Latin words, combined with a handful of model sentence structures, to generate Lorem Ipsum which looks reasonable. The generated Lorem Ipsum is therefore always free from repetition, injected humour, or non-characteristic words etc.</p>", "blog_image": "blog_image/1633959439057.jpg", "category": 2, "slug": "the-truth-about-finding-your-first-engineering-job", "tags": [2, 3, 4, 5]}}, {"model": "blog.blogcomments", "pk": 1, "fields": {"date": "2023-04-21T04:13:15.959Z", "name": "NILADRY KAR", "comment": "IT is a very good blog!", "blog": 2}}, {"model": "user_profile.profile", "pk": 1, "fields": {"date": "2023-04-09T12:47:51.662Z", "full_name": "", "date_of_birth": null, "user_type": "CUSTOMER", "user": 1, "email": "admin@gmail.com", "permanent_address": "", "city": "", "state": null, "pin_code": "", "country": null, "phone_no": null, "basic_info": "", "image": ""}}, {"model": "user_profile.customer", "pk": 2, "fields": {"user": 1, "name": null, "email": null, "device": null, "date": "2023-04-20T08:54:19.306Z"}}, {"model": "user_profile.customer", "pk": 3, "fields": {"user": null, "name": null, "email": null, "device": "3145cb98-b00a-4a15-ac2e-9554de28c777", "date": "2023-04-20T08:54:19.306Z"}}, {"model": "user_profile.customer", "pk": 4, "fields": {"user": null, "name": null, "email": null, "device": "27aeed0c-ffa8-401a-af7b-a6c3f148258b", "date": "2023-04-20T08:54:19.306Z"}}, {"model": "user_profile.customer", "pk": 5, "fields": {"user": null, "name": null, "email": null, "device": "56951fe9-73df-47f1-8595-f136ea49003d", "date": "2023-04-20T08:54:19.306Z"}}, {"model": "user_profile.customer", "pk": 6, "fields": {"user": null, "name": null, "email": null, "device": "7d708cc8-4fb9-4d9d-83dd-2ddf358e76df", "date": "2023-04-20T08:54:19.306Z"}}, {"model": "user_profile.customer", "pk": 7, "fields": {"user": null, "name": null, "email": null, "device": "7c4ea53b-ead8-4d41-86c5-3891163f6395", "date": "2023-04-20T09:16:31.751Z"}}, {"model": "user_profile.customer", "pk": 8, "fields": {"user": null, "name": null, "email": null, "device": "3236e816-02d3-4f89-bc45-35e0d3cb256f", "date": "2023-04-20T12:19:37.205Z"}}, {"model": "user_profile.customer", "pk": 9, "fields": {"user": null, "name": null, "email": null, "device": "0e0356dc-73b4-4731-89dd-2d75cef54414", "date": "2023-04-20T16:22:00.084Z"}}, {"model": "user_profile.customer", "pk": 10, "fields": {"user": null, "name": null, "email": null, "device": "f9f5a9a5-addb-4ceb-a8fd-49bfc73ad2c6", "date": "2023-04-21T00:59:14.338Z"}}, {"model": "products.productcategory", "pk": 1, "fields": {"name": "GENERIC", "slug": "generic"}}, {"model": "products.productcategory", "pk": 2, "fields": {"name": "ENVIRONMENT", "slug": "environment"}}, {"model": "products.productcategory", "pk": 3, "fields": {"name": "FITNESS", "slug": "fitness"}}, {"model": "products.productcategory", "pk": 4, "fields": {"name": "CHEF", "slug": "chef"}}, {"model": "products.product", "pk": 1, "fields": {"name": "WOOD BLACK", "category": 1, "image_1": "product/product_image_1/original.jpg", "image_2": "product/product_image_2/original_1.jpg", "image_3": "product/product_image_3/original_2.jpg", "original_file": "", "content_1": "<p><strong>​​​​​​BASIC INFORMATION:</strong></p>\r\n\r\n<ul>\r\n\t<li>Generic resume template that can be used for any job role</li>\r\n\t<li>Resume Template + Cover letter</li>\r\n\t<li>Visual design and Info graphic elements applied</li>\r\n\t<li>Compatible with Word 2007,2010,2013, 2016 &amp; Mac Office 2016</li>\r\n</ul>", "content_2": "<p><strong>HOW TO EDIT:</strong></p>\r\n\r\n<ul>\r\n\t<li>Your Resume will be emailed to you within 24 hours of purchase, with your name on it.</li>\r\n\t<li>Detailed YouTube tutorial will be provided, on how to edit template.</li>\r\n\t<li>Profession based resume contents are available on our website, to expedite the CV making process.</li>\r\n\t<li>File will be provided which has additional sections that you can add to your Resume, if required.</li>\r\n\t<li>You will get Resume Template, Cover Letter, Icons, Additional Content File and Instruction File.</li>\r\n\t<li>If you have any doubts or need any help, please contact us at&nbsp;<strong>support@icvtemplates.com&nbsp;</strong>and we would love to help.</li>\r\n</ul>", "content_3": "<p>POLICY:</p>\r\n\r\n<ul>\r\n\t<li>Enter the correct name at the time of purchase, under the field&nbsp;<strong>&quot; Name That Should Appear on CV &quot;</strong>, as editing name is restricted under the CV file.</li>\r\n\t<li>The word files that will be provided are in macro enable format.</li>\r\n\t<li>Some user experience features are only available in Windows version.</li>\r\n\t<li>All your queries will be answered as soon as possible.</li>\r\n\t<li>Templates are designed for personal use only and should not be resold or redistributed under any circumstance.</li>\r\n\t<li>All designs are copyrights to&nbsp;<strong>ICV Templates</strong>.</li>\r\n</ul>", "product_price": "21.00", "slug": "wood-black", "whislist_items": []}}, {"model": "products.product", "pk": 2, "fields": {"name": "CORAL BLUE", "category": 2, "image_1": "product/product_image_1/original_3.jpg", "image_2": "product/product_image_2/original_4.jpg", "image_3": "product/product_image_3/original_5.jpg", "original_file": "", "content_1": "<p>BASIC INFORMATION:</p>\r\n\r\n<ul>\r\n\t<li>Template design for marine specialist</li>\r\n\t<li>Resume + Cover letter</li>\r\n\t<li>Visual design and Info graphic elements applied</li>\r\n\t<li>Compatible with Word 2007,2010,2013, 2016 &amp; Mac Office 2016</li>\r\n</ul>", "content_2": "<p><strong>HOW TO EDIT:</strong></p>\r\n\r\n<ul>\r\n\t<li>Your CV will be emailed to you within 24 hours of purchase, with your name on it.</li>\r\n\t<li>Detailed YouTube tutorial will be provided, on how to edit template.</li>\r\n\t<li>Profession based CV contents are available on our website, to expedite the CV making process.</li>\r\n\t<li>File will be provided which has additional sections that you can add to your CV, if required.</li>\r\n\t<li>You will get CV, Cover Letter, Icons, Additional Content File and Instruction File.</li>\r\n\t<li>If you have any doubts or need any help, please contact us at&nbsp;<strong>support@icvtemplates.com&nbsp;</strong>and we would love to help.</li>\r\n</ul>\r\n\r\n<ul>\r\n</ul>", "content_3": "<p><strong>POLICY:</strong></p>\r\n\r\n<ul>\r\n\t<li>Enter the correct name at the time of purchase, under the field&nbsp;<strong>&quot; Name That Should Appear on CV &quot;</strong>, as editing name is restricted under the CV file.</li>\r\n\t<li>The word files that will be provided are in macro enable format.</li>\r\n\t<li>Some user experience features are only available in Windows version.</li>\r\n\t<li>All your queries will be answered as soon as possible.</li>\r\n\t<li>Templates are designed for personal use only and should not be resold or redistributed under any circumstance.</li>\r\n</ul>", "product_price": "50.00", "slug": "coral-blue", "whislist_items": [3, 10]}}, {"model": "products.product", "pk": 3, "fields": {"name": "CHEFFY 1", "category": 4, "image_1": "product/product_image_1/original_6.jpg", "image_2": "product/product_image_2/original_7.jpg", "image_3": "product/product_image_3/original_8.jpg", "original_file": "", "content_1": "<p><strong>BASIC INFORMATION:</strong></p>\r\n\r\n<ul>\r\n\t<li>Template design for chef&#39;s</li>\r\n\t<li>Resume + Cover letter</li>\r\n\t<li>Visual design and Info graphic elements applied</li>\r\n\t<li>Compatible with Word 2007,2010,2013, 2016 &amp; Mac Office 2016</li>\r\n</ul>\r\n\r\n<ul>\r\n</ul>", "content_2": "<p><strong>HOW TO EDIT:</strong></p>\r\n\r\n<ul>\r\n\t<li>Your CV will be emailed to you within 24 hours of purchase, with your name on it.</li>\r\n\t<li>Detailed YouTube tutorial will be provided, on how to edit template.</li>\r\n\t<li>Profession based CV contents are available on our website, to expedite the CV making process.</li>\r\n\t<li>File will be provided which has additional sections that you can add to your CV, if required.</li>\r\n\t<li>You will get CV, Cover Letter, Icons, Additional Content File and Instruction File.</li>\r\n\t<li>If you have any doubts or need any help, please contact us at&nbsp;<strong>support@icvtemplates.com&nbsp;</strong>and we would love to help.</li>\r\n</ul>\r\n\r\n<ul>\r\n</ul>", "content_3": "<p><strong>POLICY:</strong></p>\r\n\r\n<ul>\r\n\t<li>Enter the correct name at the time of purchase, under the field&nbsp;<strong>&quot; Name That Should Appear on CV &quot;</strong>, as editing name is restricted under the CV file.</li>\r\n\t<li>The word files that will be provided are in macro enable format.</li>\r\n\t<li>Some user experience features are only available in Windows version.</li>\r\n\t<li>All your queries will be answered as soon as possible.</li>\r\n\t<li>Templates are designed for personal use only and should not be resold or redistributed under any circumstance.</li>\r\n</ul>", "product_price": "25.00", "slug": "cheffy-1", "whislist_items": [10]}}, {"model": "ecommerce_cart.whislist", "pk": 6, "fields": {"customer": 3, "product": 3, "ref_code": "2304-122", "is_carted": false, "date_ordered": "2023-04-13T00:49:35.004Z", "whislist_total": "25.00"}}, {"model": "ecommerce_cart.whislist", "pk": 7, "fields": {"customer": 3, "product": 2, "ref_code": "2304-615", "is_carted": false, "date_ordered": "2023-04-13T00:51:21.893Z", "whislist_total": "50.00"}}, {"model": "ecommerce_cart.whislist", "pk": 8, "fields": {"customer": 10, "product": 3, "ref_code": "2304-999", "is_carted": false, "date_ordered": "2023-04-21T02:37:37.013Z", "whislist_total": "25.00"}}, {"model": "ecommerce_cart.whislist", "pk": 9, "fields": {"customer": 10, "product": 2, "ref_code": "2304-610", "is_carted": false, "date_ordered": "2023-04-21T02:37:59.919Z", "whislist_total": "50.00"}}, {"model": "ecommerce_cart.cartitems", "pk": 3, "fields": {"customer": 3, "product": 2, "extra_charge": "0.00", "cart_total": "50.00", "is_ordered": false, "ref_code": "2304-305"}}, {"model": "ecommerce_cart.cartitems", "pk": 5, "fields": {"customer": 3, "product": 3, "extra_charge": "0.00", "cart_total": "25.00", "is_ordered": false, "ref_code": "2304-073"}}, {"model": "ecommerce_cart.cartitems", "pk": 6, "fields": {"customer": 5, "product": 3, "extra_charge": "0.00", "cart_total": "25.00", "is_ordered": false, "ref_code": "2304-965"}}, {"model": "ecommerce_cart.cartitems", "pk": 11, "fields": {"customer": 6, "product": 3, "extra_charge": "25.00", "cart_total": "50.00", "is_ordered": false, "ref_code": "2304-144"}}, {"model": "ecommerce_cart.cartitems", "pk": 12, "fields": {"customer": 6, "product": 2, "extra_charge": "25.00", "cart_total": "75.00", "is_ordered": false, "ref_code": "2304-270"}}, {"model": "ecommerce_cart.cartitems", "pk": 14, "fields": {"customer": 6, "product": 1, "extra_charge": "25.00", "cart_total": "46.00", "is_ordered": false, "ref_code": "2304-438"}}, {"model": "ecommerce_cart.cartitems", "pk": 15, "fields": {"customer": 6, "product": 3, "extra_charge": "25.00", "cart_total": "50.00", "is_ordered": false, "ref_code": "2304-853"}}, {"model": "ecommerce_cart.cartitems", "pk": 16, "fields": {"customer": 8, "product": 3, "extra_charge": "25.00", "cart_total": "50.00", "is_ordered": false, "ref_code": "2304-611"}}, {"model": "ecommerce_cart.cartitems", "pk": 17, "fields": {"customer": 10, "product": 1, "extra_charge": "25.00", "cart_total": "46.00", "is_ordered": false, "ref_code": "2304-009"}}, {"model": "ecommerce_cart.address", "pk": 1, "fields": {"customer": 3, "first_name": "Niladry", "last_name": "Kar", "address_line_1": null, "address_line_2": null, "city": null, "state": "West Bengal", "country": "India", "postcode": "", "phone_no": "987654322", "email": "niladry.kar@shyamfuture.com", "notes": "Hello There"}}, {"model": "ecommerce_cart.address", "pk": 2, "fields": {"customer": 6, "first_name": "Niladry", "last_name": "Kar", "address_line_1": null, "address_line_2": null, "city": null, "state": "West Bengal", "country": "India", "postcode": "", "phone_no": "987654322", "email": "niladry.kar@shyamfuture.com", "notes": ""}}, {"model": "ecommerce_cart.appliedaddress", "pk": 1, "fields": {"customer": 3, "address": 1}}, {"model": "ecommerce_cart.appliedaddress", "pk": 2, "fields": {"customer": 6, "address": 2}}]